Scuola,Meccanografico,Indirizzo,Città,Prov,Regione,Paese,Full Address,Longitudine,Latitudine,Nomerete,SitoScuola,Dominio
"Istituto Tecnico ""Camillo Morigia-Luigi Perdisa""",RATL02000L,"via Guglielmo Marconi, 6",Ravenna,(RA),Emilia Romagna,Italia,"via Guglielmo Marconi, 6 Ravenna (RA) Emilia Romagna Italia ",44.4052035,12.1919411,,https://www.itmorigiaperdisa.edu.it/,https://bibliotecheromagna.medialibrary.it
"Istituto Comprensivo Statale ""G. Pascoli""",RAIC816005,"via Gramsci, 18",Riolo Terme,(RA),Emilia Romagna,Italia,"via Gramsci, 18 Riolo Terme (RA) Emilia Romagna Italia ",44.27609,11.72722,,https://www.icpascoliriolo.edu.it/,https://bibliotecheromagna.medialibrary.it
Istituto Comprensivo 1 Modena,MOIC84100V,"via Amundsen, 80",Modena,(MO),Emilia Romagna,Italia,"via Amundsen, 80 Modena (MO) Emilia Romagna Italia ",44.64783,10.92539,,https://www.ic1modena.edu.it/,https://emilib.medialibrary.it
"Istituto Comprensivo Statale ""Salvo d'Acquisto""",PRIC82900G,"via Pelicelli, 8/A",Parma,(PR),Emilia Romagna,Italia,"via Pelicelli, 8/A Parma (PR) Emilia Romagna Italia ",44.79935,10.32618,,https://icsalvodacquistoparma.edu.it/,https://emilib.medialibrary.it
"Istituto Tecnico ""Scaruffi-Levi-Tricolore""",RETD09000V,"via Filippo Re, 8",Reggio Emilia,(RE),Emilia Romagna,Italia,"via Filippo Re, 8 Reggio Emilia (RE) Emilia Romagna Italia ",44.7005662,10.6342071,,https://www.scaruffilevitricolore.edu.it/,https://emilib.medialibrary.it
"Liceo Classico e Linguistico ""L.A. Muratori-San Carlo""",MOPC020008,"via Cittadella, 50",Modena,(MO),Emilia Romagna,Italia,"via Cittadella, 50 Modena (MO) Emilia Romagna Italia ",44.64783,10.92539,,https://www.muratorisancarlo.edu.it/,https://emilib.medialibrary.it
"Liceo Scientifico Statale ""Giacomo Ulivi""",PRPS04000X,"via Maria Luigia, 3",Parma,(PR),Emilia Romagna,Italia,"via Maria Luigia, 3 Parma (PR) Emilia Romagna Italia ",44.9256637,10.3795143,,https://www.liceoulivi.it/,https://emilib.medialibrary.it
"Istituto Statale di Istruzione Superiore ""Enrico Mattei""",PCIS00400E,"via Boiardi, 5",Fiorenzuola d'Arda,(PC),Emilia Romagna,Italia,"via Boiardi, 5 Fiorenzuola d'Arda (PC) Emilia Romagna Italia ",44.92435,9.91329,,https://www.istitutomatteifiorenzuola.edu.it/,https://emilib.medialibrary.it
Istituto Comprensivo Statale di Fiorenzuola d'Arda,PCIC818008,"via San Bernardo da Chiaravalle, 10",Fiorenzuola d'Arda,(PC),Emilia Romagna,Italia,"via San Bernardo da Chiaravalle, 10 Fiorenzuola d'Arda (PC) Emilia Romagna Italia ",44.9247281,9.9117123,,https://www.istitutocomprensivofiorenzuola.edu.it/index.php,https://emilib.medialibrary.it
Istuto Comprensivo Quattro Castella-Vezzano sul Crostolo,REIC84400Q,"via P. Togliatti, 20/2",Quattro Castella,(RE),Emilia Romagna,Italia,"via P. Togliatti, 20/2 Quattro Castella (RE) Emilia Romagna Italia ",44.63496,10.47429,,https://ic4cv.edu.it/,https://emilib.medialibrary.it
Istituto Comprensivo Statale Modena 10,MOIC84800N,"strada Albareto, 93",Modena,(MO),Emilia Romagna,Italia,"strada Albareto, 93 Modena (MO) Emilia Romagna Italia ",44.6878119,10.9637721,,https://www.ic10modena.edu.it/index.php,https://emilib.medialibrary.it
"Istituto di Istruzione Superiore ""Agostino Paradisi""",MOIS00700G,"via Resistenza, 700",Vignola,(MO),Emilia Romagna,Italia,"via Resistenza, 700 Vignola (MO) Emilia Romagna Italia ",44.48758,11.0058,,https://www.scuolaparadisi.edu.it/,https://emilib.medialibrary.it
"Istituto Statale di Istruzione Secondaria Superiore ""Pietro Giordani""",PRIS00400B,"via Lazio, 3",Parma,(PR),Emilia Romagna,Italia,"via Lazio, 3 Parma (PR) Emilia Romagna Italia ",44.8026733,10.3450867,,https://giordaniparma.edu.it/,https://emilib.medialibrary.it
Scuola per L'Europa,PRIC83700E,Via Langhirano 177/A,Parma,(PR),Emilia Romagna,Italia,Via Langhirano 177/A Parma (PR) Emilia Romagna Italia ,44.7689439,10.3195921,,https://www.scuolaperleuropa.eu/,https://pr-scuolaeuropa.medialibrary.it
Istituto Comprensivo 3 di Modena,MOIC840003,"via Piersanti Mattarella, 145",Modena,(MO),Emilia Romagna,Italia,"via Piersanti Mattarella, 145 Modena (MO) Emilia Romagna Italia ",44.6215561,10.9226243,,https://www.ic3modena.edu.it/,https://mo-mattarella.medialibrary.it/
Istituto Comprensivo Carpaneto Piacentino,PCIC814001,"via Franchini, 10",Carpaneto Piacentino,(PC),Emilia Romagna,Italia,"via Franchini, 10 Carpaneto Piacentino (PC) Emilia Romagna Italia ",44.91355,9.78703,,https://www.iccarpaneto.it/,https://scuola.medialibrary.it
"Istituto di Istruzione Superiore ""Aldini Valeriani Sirani""",BOIS01900X,"via Bassanelli, 9/11",Bologna,(BO),Emilia Romagna,Italia,"via Bassanelli, 9/11 Bologna (BO) Emilia Romagna Italia ",44.49381,11.33875,,http://www.iav.it/home,https://bo-avs.medialibrary.it
Istituto Sacro Cuore,MOPS02500E,"viale Storchi, 249",Modena,(MO),Emilia Romagna,Italia,"viale Storchi, 249 Modena (MO) Emilia Romagna Italia ",44.64783,10.92539,,http://sacrocuore.intertechitalia.it/sacrocuore/Viewer#,https://scuola.medialibrary.it
"Istituto Comprensivo 7 ""Luigi Orsini""",BOIC85600P,"via Vivaldi, 76",Imola,(BO),Emilia Romagna,Italia,"via Vivaldi, 76 Imola (BO) Emilia Romagna Italia ",44.35916,11.7132,,https://www.ic7imola.edu.it/default.asp,https://bo-orsini.medialibrary.it
"Liceo Scientifico Statale ""Augusto Righi""",BOPS01000V,"viale Carlo Pepoli, 3",Bologna,(BO),Emilia Romagna,Italia,"viale Carlo Pepoli, 3 Bologna (BO) Emilia Romagna Italia ",44.4915444,11.3304689,,https://www.liceorighibologna.it/,https://bo-righi.medialibrary.it
"Istituto Statale di Istruzione Superiore ""Giuseppe Luosi""",MOIS00600Q,"via 29 maggio, 12-14",Mirandola,(MO),Emilia Romagna,Italia,"via 29 maggio, 12-14 Mirandola (MO) Emilia Romagna Italia ",44.8788129,11.0788298,,https://www.iisgluosi.com/,https://mo-luosi.medialibrary.it
"Istituto di Istruzione Superiore ""Silvio d'Arzo""",REIS00400D,"strada Sant'Ilario, 28/C",Montecchio Emilia,(RE),Emilia Romagna,Italia,"strada Sant'Ilario, 28/C Montecchio Emilia (RE) Emilia Romagna Italia ",44.7290953,10.4466528,,https://www.istitutodarzo.edu.it/,https://re-darzo.medialibrary.it
"Liceo ""Manfredo Fanti""",MOPS030002,"viale Peruzzi, 7",Carpi,(MO),Emilia Romagna,Italia,"viale Peruzzi, 7 Carpi (MO) Emilia Romagna Italia ",44.78237,10.8777,,https://www.liceofanti.it/,https://mo-fanti.medialibrary.it
Istituto Comprensivo 1 Forlì,FOIC826006,"via Giorgina Saffi, 12",Forlì,(FC),Emilia Romagna,Italia,"via Giorgina Saffi, 12 Forlì (FC) Emilia Romagna Italia ",44.2218674,12.0383187,,https://www.ic1forli.edu.it/,https://fc-ic1.medialibrary.it
"Istituto Comprensivo Statale ""Emilio Rosetti""",FOIC805005,"via Crocette, 34",Forlimpopoli,(FC),Emilia Romagna,Italia,"via Crocette, 34 Forlimpopoli (FC) Emilia Romagna Italia ",44.19107,12.12873,,https://www.icrosetti.edu.it/,https://fc-rosetti.medialibrary.it
"Istituto Comprensivo  ""Francesco Petrarca""",REIC821003,"via Petrarca, 1",San Polo d'Enza,(RE),Emilia Romagna,Italia,"via Petrarca, 1 San Polo d'Enza (RE) Emilia Romagna Italia ",44.6269,10.42667,,https://icsanpolodenza.edu.it/,https://scuola.medialibrary.it
Scuola Secondaria di I Grado viale della Resistenza,FOMM02800V,"via San Colombano, 190",Cesena,(FC),Emilia Romagna,Italia,"via San Colombano, 190 Cesena (FC) Emilia Romagna Italia ",44.1439523,12.2254965,,https://www.smresistenza.edu.it/,https://fc-resistenza.medialibrary.it
"ISISS ""Magnaghi-Solari""",PRIS006003,"viale Romagnosi, 7",Salsomaggiore Terme,(PR),Emilia Romagna,Italia,"viale Romagnosi, 7 Salsomaggiore Terme (PR) Emilia Romagna Italia ",44.8125983,9.9851031,,https://www.magnaghisolari.edu.it/,https://scuola.medialibrary.it
"Istituto Tecnico Commerciale Statale ""Rosa Luxemburg""",BOTD06000Q,"via dalla Volta, 4",Bologna,(BO),Emilia Romagna,Italia,"via dalla Volta, 4 Bologna (BO) Emilia Romagna Italia ",44.5144973,11.3112329,,https://www.luxemburg.bo.it/,https://bo-luxemburg.medialibrary.it
Istituto Comprensivo Statale di Bussetto,PRIC82200R,"viale Alfonso Pallavicino, 2",Busseto,(PR),Emilia Romagna,Italia,"viale Alfonso Pallavicino, 2 Busseto (PR) Emilia Romagna Italia ",44.9774993,10.0404233,,https://www.icbusseto.edu.it/,https://scuola.medialibrary.it
Istituto Comprensivo Statale Cervia 2,RAIC829007,"via Caduti per la Libertà, 16",Cervia,(RA),Emilia Romagna,Italia,"via Caduti per la Libertà, 16 Cervia (RA) Emilia Romagna Italia ",44.2571284,12.3508329,,https://www.iccervia2.edu.it/,https://ra-iccervia2.medialibrary.it
"Istituto Comprensivo ""Randi""",RAIC82600Q,"via Marconi, 15",Ravenna,(RA),Emilia Romagna,Italia,"via Marconi, 15 Ravenna (RA) Emilia Romagna Italia ",44.41344,12.20121,,https://www.icrandi.edu.it/,https://scuola.medialibrary.it
"Istituto Comprensivo ""Alberto Marvelli""",RNIC80600R,"via Covignano, 238",Rimini,(RN),Emilia Romagna,Italia,"via Covignano, 238 Rimini (RN) Emilia Romagna Italia ",44.0423914,12.5513644,,https://www.icmarvelli.edu.it/,https://rn-icmarvelli.medialibrary.it
Istituto Comprensivo Castellarano,REIC83700L,"via Fuori Ponte, 23",Castellarano,(RE),Emilia Romagna,Italia,"via Fuori Ponte, 23 Castellarano (RE) Emilia Romagna Italia ",44.5156016,10.7299979,,https://iccastellarano.edu.it/,https://re-iccastellarano.medialibrary.it
"Istituto Comprensivo ""C. Govoni""",FEIC81100X,"via Fortezza, 20",Ferrara,(FE),Emilia Romagna,Italia,"via Fortezza, 20 Ferrara (FE) Emilia Romagna Italia ",44.8383641,11.6070974,,https://icgovoniferrara.edu.it/,https://fe-icgovoni.medialibrary.it
"Istituto Comprensivo ""Teodoro Bonati""",FEIC802005,"via Gardenghi Monsignor Ulisse, 5",Bondeno,(FE),Emilia Romagna,Italia,"via Gardenghi Monsignor Ulisse, 5 Bondeno (FE) Emilia Romagna Italia ",44.88944,11.41542,,http://www.icbonatibondeno.edu.it/,https://fe-bonati.medialibrary.it
"Istituto di Istruzione Secondaria Superiore ""Paciolo-D'Annunzio""",PRIS00300G,"via Manzoni, 6",Fidenza,(PR),Emilia Romagna,Italia,"via Manzoni, 6 Fidenza (PR) Emilia Romagna Italia ",44.86223,10.06546,,https://www.paciolo-dannunzio.edu.it/,https://scuola.medialibrary.it
Istituto Comprensivo Statale Mondaino,RNIC80200D,"via Fonte Leali, 392",Mondaino,(RN),Emilia Romagna,Italia,"via Fonte Leali, 392 Mondaino (RN) Emilia Romagna Italia ",43.8568805,12.6702034,,https://www.icmondaino.edu.it/,https://rn-mondaino.medialibrary.it
Istituto Comprensivo di Neviano Arduini e Lesignano de' Bagni,PRIC81500N,"via Chiesa, 2",Neviano degli Arduini,(PR),Emilia Romagna,Italia,"via Chiesa, 2 Neviano degli Arduini (PR) Emilia Romagna Italia ",44.5822729,10.3152551,,https://icnevianoarduini.edu.it/,https://scuola.medialibrary.it
Istituto Comprensivo San Giovanni in Marignano,RNIC80100N,"via Ferrara, 30",San Giovanni in Marignano,(RN),Emilia Romagna,Italia,"via Ferrara, 30 San Giovanni in Marignano (RN) Emilia Romagna Italia ",43.9343767,12.7006382,,https://www.icmarignano.it/,https://scuola.medialibrary.it
Istituto Comprensivo di Rubiera,REIC83600R,"piazza XXIV maggio, 13",Rubiera,(RE),Emilia Romagna,Italia,"piazza XXIV maggio, 13 Rubiera (RE) Emilia Romagna Italia ",44.65158,10.7794,,https://www.icrubiera.edu.it/,https://re-icrubiera.medialibrary.it
Istituto Comprensivo di Loiano Monghidoro,BOIC88400V,"via Michele dei Ramazzotti, 24",Monghidoro,(BO),Emilia Romagna,Italia,"via Michele dei Ramazzotti, 24 Monghidoro (BO) Emilia Romagna Italia ",44.2208673,11.3210165,,https://icloianomonghidoro.edu.it/,https://scuola.medialibrary.it
Istituto Comprensivo Casalgrande,REIC833009,"via Antonio Gramsci, 21",Casalgrande,(RE),Emilia Romagna,Italia,"via Antonio Gramsci, 21 Casalgrande (RE) Emilia Romagna Italia ",44.5854924,10.7373123,,https://iccasalgrande.edu.it/,https://re-iccasalgrande.medialibrary.it
Istituto Comprensivo 2 Ravarino,MOIC84900D,"via Roma, 129",Ravarino,(MO),Emilia Romagna,Italia,"via Roma, 129 Ravarino (MO) Emilia Romagna Italia ",44.724329,11.097732,,https://www.ic2ravarino.edu.it/,https://mo-ic2ravarino.medialibrary.it
Istituto Comprensivo 21 Bologna,BOIC88000G,"via Laura Bassi Veratti, 20",Bologna,(BO),Emilia Romagna,Italia,"via Laura Bassi Veratti, 20 Bologna (BO) Emilia Romagna Italia ",44.482894,11.3681515,,https://www.istitutocomprensivo21bologna.edu.it/,https://bo-ic21.medialibrary.it
Istituto Comprensivo 6 Imola,BOIC84700X,"via Villa Clelia, 18",Imola,(BO),Emilia Romagna,Italia,"via Villa Clelia, 18 Imola (BO) Emilia Romagna Italia ",44.3551365,11.6993037,,https://www.ic6imola.edu.it/,https://bo-ic6imola.medialibrary.it
Istituto Comprensivo Montecchio,REIC835001,"via XXV Aprile, 14",Montecchio Emilia,(RE),Emilia Romagna,Italia,"via XXV Aprile, 14 Montecchio Emilia (RE) Emilia Romagna Italia ",44.6989325,10.4511913,,https://www.icmontecchio.edu.it/,https://re-montecchio.medialibrary.it
Istituto Comprensivo Sassuolo I Centro Est,MOIC83000C,"via Mazzini, 62",Sassuolo,(MO),Emilia Romagna,Italia,"via Mazzini, 62 Sassuolo (MO) Emilia Romagna Italia ",44.54826,10.78962,,https://www.icsassuolo1centroest.edu.it/,https://mo-icsassuolo1ce.medialibrary.it
Istituto Comprensivo Gualtieri,REIC83800C,"via Dante Alighieri, 10",Gualtieri,(RE),Emilia Romagna,Italia,"via Dante Alighieri, 10 Gualtieri (RE) Emilia Romagna Italia ",44.9040557,10.6323072,,https://www.icgualtieri.edu.it/,https://re-icgualtieri.medialibrary.it
"Istituto di Istruzione Superiore ""Nelson Mandela""",REIS014004,"via Morandi, 4",Castelnovo ne' Monti,(RE),Emilia Romagna,Italia,"via Morandi, 4 Castelnovo ne' Monti (RE) Emilia Romagna Italia ",44.43556,10.40329,,https://iiscastelnovonemonti.edu.it/,https://scuola.medialibrary.it
Istituto Comprensivo Centro Storico Rimini,RNIC817007,"largo Antonio Gramsci, 3/4",Rimini,(RN),Emilia Romagna,Italia,"largo Antonio Gramsci, 3/4 Rimini (RN) Emilia Romagna Italia ",44.0592367,12.5733531,,http://www.centrostorico.edu.it/,https://rn-centrostorico.medialibrary.it
Circolo Didattico 6 Rimini,RNEE01500N,"via Giovanni Battista Casti, 13",Rimini,(RN),Emilia Romagna,Italia,"via Giovanni Battista Casti, 13 Rimini (RN) Emilia Romagna Italia ",44.0468929,12.5740197,,http://scuole.rimini.com/cd6rimini.gov.it/,https://rn-cd6.medialibrary.it
Istituto Comprensivo Valle del Montone,FOIC80800L,"viale Marconi, 123",Castrocaro Terme e Terra del Sole,(FC),Emilia Romagna,Italia,"viale Marconi, 123 Castrocaro Terme e Terra del Sole (FC) Emilia Romagna Italia ",44.18676,11.96068,,https://www.icsvalledelmontone.edu.it/,https://fc-icvalledelmontone.medialibrary.it
Istituto Comprensivo di San Pietro in Casale,BOIC80500T,"via Massumatico, 67",San Pietro in Casale,(BO),Emilia Romagna,Italia,"via Massumatico, 67 San Pietro in Casale (BO) Emilia Romagna Italia ",44.702558,11.4005433,,https://icsanpietroincasale.edu.it/,https://bo-icsanpietroincasale.medialibrary.it
"Istituto Comprensivo ""Ing. Carlo Stradi""",MOIC83400Q,"via Boito, 27",Maranello,(MO),Emilia Romagna,Italia,"via Boito, 27 Maranello (MO) Emilia Romagna Italia ",44.53101,10.86888,,https://www.icstradi.edu.it/,https://mo-icstradi.medialibrary.it
"Istituto Comprensivo ""Leonardo da Vinci""",REIC847007,"viale Monte San Michele ,12",Reggio Emilia,(RE),Emilia Romagna,Italia,"viale Monte San Michele ,12 Reggio Emilia (RE) Emilia Romagna Italia ",44.6975237,10.6386882,,https://icdavincireggioemilia.edu.it/,https://re-icdavinci.medialibrary.it
Istituto Comprensivo Carpi Zona Centro,MOIC823009,"via Fassi, 1",Carpi,(MO),Emilia Romagna,Italia,"via Fassi, 1 Carpi (MO) Emilia Romagna Italia ",44.78237,10.8777,,https://www.comprensivocarpicentro.it/,https://scuola.medialibrary.it
Istituto Comprensivo Statale Valle del Conca,RNIC80800C,"via Carducci, 2",Morciano di Romagna,(RN),Emilia Romagna,Italia,"via Carducci, 2 Morciano di Romagna (RN) Emilia Romagna Italia ",43.9144,12.65104,,https://www.icvalledelconca.edu.it/,https://scuola.medialibrary.it
Istituto Comprensivo di Malalbergo e Baricella a Indirizzo Musicale,BOIC825003,"via Fratelli Cervi, 12",Altedo,(BO),Emilia Romagna,Italia,"via Fratelli Cervi, 12 Altedo (BO) Emilia Romagna Italia ",44.662959,11.4878048,,https://icmalalbergo.edu.it/,https://bo-icmalalbergo.medialibrary.it
Istituto Comprensivo Statale di Porretta Terme,BOIC832006,"via Marconi, 61",Porretta Terme,(BO),Emilia Romagna,Italia,"via Marconi, 61 Porretta Terme (BO) Emilia Romagna Italia ",44.16325,10.97432,,https://www.icporretta.edu.it/aaa/pages/page_blog.php?id=1,https://scuola.medialibrary.it
Istituto Comprensivo 9 Bologna,BOIC85200B,"via Luigi Longo, 4",Bologna,(BO),Emilia Romagna,Italia,"via Luigi Longo, 4 Bologna (BO) Emilia Romagna Italia ",44.4676921,11.3856819,,https://www.ic9bo.edu.it/wordpress/,https://bo-ic9.medialibrary.it
"Liceo ""A. Volta-F. Fellini""",RNPS060003,"via Piacenza, 28",Riccione,(RN),Emilia Romagna,Italia,"via Piacenza, 28 Riccione (RN) Emilia Romagna Italia ",44.0025718,12.6472289,,https://www.liceovoltafellini.edu.it/,https://rn-volta.medialibrary.it
Istituto Comprensivo Bellaria,RNIC81000C,"via Nicolò Zeno, 21",Bellaria Igea Marina,(RN),Emilia Romagna,Italia,"via Nicolò Zeno, 21 Bellaria Igea Marina (RN) Emilia Romagna Italia ",44.1517517,12.4550297,,https://icbellaria.edu.it/,https://rn-icbellaria.medialibrary.it
"Liceo Classico Statale ""Marco Minghetti""",BOPC030001,"via Nazario Sauro, 18",Bologna,(BO),Emilia Romagna,Italia,"via Nazario Sauro, 18 Bologna (BO) Emilia Romagna Italia ",44.4969001,11.3393482,,https://www.liceominghetti.edu.it/,https://scuola.medialibrary.it
"Istituto Comprensivo ""Luigi Battaglia""",RAIC82100L,"via Vittorio Veneto, 36",Fusignano,(RA),Emilia Romagna,Italia,"via Vittorio Veneto, 36 Fusignano (RA) Emilia Romagna Italia ",44.4686878,11.9605919,,https://www.icbattaglia.edu.it/,https://scuola.medialibrary.it
"Istituto Professionale Industria Artigianato ""Leon Battista Alberti""",RNRI010007,"via Tambroni, 24",Rimini,(RN),Emilia Romagna,Italia,"via Tambroni, 24 Rimini (RN) Emilia Romagna Italia ",44.05755,12.56528,,https://www.albertirimini.edu.it/,https://scuola.medialibrary.it
"Istituto Tecnico Industriale Statale ""Leonardo Da Vinci""",MOTF030004,"via Baldassarre Peruzzi, 9",Carpi,(MO),Emilia Romagna,Italia,"via Baldassarre Peruzzi, 9 Carpi (MO) Emilia Romagna Italia ",44.7828716,10.8711693,,https://www.itivinci.mo.it/,https://mo-davinci.medialibrary.it
"Istituto Comprensivo Statale ""Carchidio-Strocchi""",RAIC817001,"via Forlivese, 7",Faenza,(RA),Emilia Romagna,Italia,"via Forlivese, 7 Faenza (RA) Emilia Romagna Italia ",44.2806169,11.8946933,,https://www.iccarchidiostrocchi.edu.it/,https://ra-carchidiostrocchi.medialibrary.it
"Istituto Statale di Istruzione Superiore ""Giordano Bruno""",BOIS00300A,"viale I maggio, 5",Budrio,(BO),Emilia Romagna,Italia,"viale I maggio, 5 Budrio (BO) Emilia Romagna Italia ",44.53745,11.53439,,https://www.iisgiordanobruno.edu.it/,https://bo-iisgiordanobruno.medialibrary.it
The Bilingual Middle School S.r.l,MO1M0B500E,"strada Contrada, 127",Modena,(MO),Emilia Romagna,Italia,"strada Contrada, 127 Modena (MO) Emilia Romagna Italia ",44.6190979,10.9009959,,,https://mo-bilingualmiddleschool.medialibrary.it
Istituto Comprensivo 4 Modena,MOIC85100D,"via Divisione Acqui, 160",Modena,(MO),Emilia Romagna,Italia,"via Divisione Acqui, 160 Modena (MO) Emilia Romagna Italia ",44.6434152,10.9511495,,https://www.ic4modena.edu.it/,https://mo-ic4.medialibrary.it
Istituto Comprensivo di Modigliana,FOIC81400X,"via Manzoni, 13",Modigliana,(FC),Emilia Romagna,Italia,"via Manzoni, 13 Modigliana (FC) Emilia Romagna Italia ",44.15954,11.79286,,https://www.icmodigliana.edu.it/,https://scuola.medialibrary.it
Istituto Comprensivo di Poviglio e Brescello,REIC82800T,"via Mattei, 22",Poviglio,(RE),Emilia Romagna,Italia,"via Mattei, 22 Poviglio (RE) Emilia Romagna Italia ",44.8403126,10.5424377,,https://www.icpovigliobrescello.edu.it/,https://re-icpovigliobrescello.medialibrary.it
Istituto Comprensivo di Portomaggiore,FEIC824002,"piazza XX settembre, 17",Portomaggiore,(FE),Emilia Romagna,Italia,"piazza XX settembre, 17 Portomaggiore (FE) Emilia Romagna Italia ",44.6978917,11.8083524,,https://www.icportomaggiore.edu.it/,https://scuola.medialibrary.it
"Istituto Statale di Istruzione Superiore ""Galileo Galilei""",MOIS00800B,"via Jacopo Barozzi, 4",Mirandola,(MO),Emilia Romagna,Italia,"via Jacopo Barozzi, 4 Mirandola (MO) Emilia Romagna Italia ",44.881646,11.0714205,,https://www.galileimirandola.edu.it/,https://mo-galilei.medialibrary.it
"Liceo Linguistico Statale ""Ilaria Alpi""",FOPM05000N,"piazza Aldo Moro, 76",Cesena,(FC),Emilia Romagna,Italia,"piazza Aldo Moro, 76 Cesena (FC) Emilia Romagna Italia ",44.1444388,12.2478192,,https://www.liceoalpi.edu.it/,https://fo-liceoalpi.medialibrary.it
Liceo Steam International Bologna,BOPSOI5007,"via Nosadella, 47",Bologna,(BO),Emilia Romagna,Italia,"via Nosadella, 47 Bologna (BO) Emilia Romagna Italia ",44.4913211,11.3347502,,https://www.liceosteamemilia.com/,https://liceosteamemilia.medialibrary.it
"Istituto Comprensivo ""Sandro Pertini"" 1",REIC850003,"via Pier Giacinto Terrachini, 20",Reggio Emilia,(RE),Emilia Romagna,Italia,"via Pier Giacinto Terrachini, 20 Reggio Emilia (RE) Emilia Romagna Italia ",44.6898073,10.641389,,https://icpertini1.edu.it/,https://re-pertini1.medialibrary.it
"Liceo Artistico Statale ""Gaetano Chierici""",RESD01000L,"viale Leopoldo Nobili, 1",Reggio Emilia,(RE),Emilia Romagna,Italia,"viale Leopoldo Nobili, 1 Reggio Emilia (RE) Emilia Romagna Italia ",44.7015316,10.6325672,,https://www.liceochierici-re.edu.it/,https://re-chierici.medialibrary.it
Istituto Comprensivo 5 Imola,BOIC84200R,"via Pirandello, 12",Imola,(BO),Emilia Romagna,Italia,"via Pirandello, 12 Imola (BO) Emilia Romagna Italia ",44.35916,11.7132,,https://ic5imola.edu.it/,https://scuola.medialibrary.it
Istituto Comprensivo di Pianello Val Tidone,PCIC81100D,"via Puccini, 29",Pianello Val Tidone,(PC),Emilia Romagna,Italia,"via Puccini, 29 Pianello Val Tidone (PC) Emilia Romagna Italia ",44.9465111,9.4047446,Biblòh!,https://icpianellovt.edu.it/,https://bibloh.medialibrary.it
"Istituto Comprensivo ""Card. Agostino Casaroli""",PCIC81700C,"via Verdi, 6",Castel San Giovanni,(PC),Emilia Romagna,Italia,"via Verdi, 6 Castel San Giovanni (PC) Emilia Romagna Italia ",45.06014,9.43784,Biblòh!,https://www.comprensivo-csg.edu.it/,https://bibloh.medialibrary.it
Istituto OmniComprensivo di Bobbio,PCIC819004,"piazza San Colombano, 5",Bobbio,(PC),Emilia Romagna,Italia,"piazza San Colombano, 5 Bobbio (PC) Emilia Romagna Italia ",44.767745,9.3850549,Biblòh!,https://www.icbobbio.edu.it/aaa/pages/page_blog.php?id=1,https://bibloh.medialibrary.it
"Liceo Scientifico Statale ""Lorenzo Respighi""",PCPS02000T,"piazzale Genova, 1",Piacenza,(PC),Emilia Romagna,Italia,"piazzale Genova, 1 Piacenza (PC) Emilia Romagna Italia ",45.0469349,9.686541,Biblòh!,https://www.liceorespighi.edu.it/,https://bibloh.medialibrary.it
"Istituto Comprensivo ""M.K. Gandhi""",PCIC812009,"via Ungaretti, 7",San Nicolò di Rottofreno,(PC),Emilia Romagna,Italia,"via Ungaretti, 7 San Nicolò di Rottofreno (PC) Emilia Romagna Italia ",45.05685,9.6054,Biblòh!,https://www.icsannicolo.edu.it/,https://bibloh.medialibrary.it
Istituto Comprensivo 6 Modena,MOIC84400A,"via Augusto Valli, 40",Modena,(MO),Emilia Romagna,Italia,"via Augusto Valli, 40 Modena (MO) Emilia Romagna Italia ",44.63159,10.9129525,Biblòh!,https://www.ic6modena.edu.it/,https://bibloh.medialibrary.it
"Istituto Comprensivo ""G. Parini""",PCIC81000N,"via Piave, 24",Podenzano,(PC),Emilia Romagna,Italia,"via Piave, 24 Podenzano (PC) Emilia Romagna Italia ",44.9528222,9.6844047,Biblòh!,https://www.icparinipodenzano.edu.it/aaa/pages/page_details.php?page_id=1,https://bibloh.medialibrary.it
Istituto Comprensivo della Val Nure,PCIC80700T,"via Acerbi, 61",Ponte dell'Olio,(PC),Emilia Romagna,Italia,"via Acerbi, 61 Ponte dell'Olio (PC) Emilia Romagna Italia ",44.86762,9.64433,Biblòh!,https://icdellavalnure.edu.it/,https://bibloh.medialibrary.it
"Scuola Statale Secondaria di Primo Grado ""Dante Alighieri-Giosuè Carducci""",PCMM00200Q,"via Piatti, 9",Piacenza,(PC),Emilia Romagna,Italia,"via Piatti, 9 Piacenza (PC) Emilia Romagna Italia ",45.04202,9.70462,Biblòh!,https://www.dante-carducci.edu.it/,https://bibloh.medialibrary.it
"Istituto Statale ""A. Tramello-B. Cassinari""",PCIS007002,"via Negri, 45",Piacenza,(PC),Emilia Romagna,Italia,"via Negri, 45 Piacenza (PC) Emilia Romagna Italia ",45.04202,9.70462,Biblòh!,https://www.tramellocassinari.edu.it/,https://bibloh.medialibrary.it
Istituto Comprensivo Parma Centro,PRIC82700X,"piazzale Santafiora, 9",Parma,(PR),Emilia Romagna,Italia,"piazzale Santafiora, 9 Parma (PR) Emilia Romagna Italia ",44.7976614,10.3272488,Biblòh!,http://www.icparmacentro.it/,https://bibloh.medialibrary.it
"Istituto di Istruzione Superiore ""Belluzzi-Fioravanti""",BOIS02300G,"via Giovanni Domenico Cassini, 3",Bologna,(BO),Emilia Romagna,Italia,"via Giovanni Domenico Cassini, 3 Bologna (BO) Emilia Romagna Italia ",44.4897743,11.2852544,Leggere per vivere,https://www.belluzzifioravanti.it/,https://lpv.medialibrary.it
"Liceo Ginnasio ""Luigi Galvani""",BOPC02000A,"via Castiglione, 38",Bologna,(BO),Emilia Romagna,Italia,"via Castiglione, 38 Bologna (BO) Emilia Romagna Italia ",44.4892351,11.3475049,Leggere per vivere,https://www.liceogalvani.edu.it/,https://lpv.medialibrary.it
Istituto Comprensivo Statale 11 Bologna,BOIC854003,"via Filippo Beroaldo, 34",Bologna,(BO),Emilia Romagna,Italia,"via Filippo Beroaldo, 34 Bologna (BO) Emilia Romagna Italia ",44.5004283,11.3723377,Leggere per vivere,http://www.ic11bo.it/,https://lpv.medialibrary.it
"Liceo Scientifico Statale ""Aldo Moro""",REPS03000B,"via XX Settembre, 5",Reggio Emilia,(RE),Emilia Romagna,Italia,"via XX Settembre, 5 Reggio Emilia (RE) Emilia Romagna Italia ",44.7092254,10.6227442,Leggere per vivere,https://liceomoro.edu.it/,https://lpv.medialibrary.it